#time,height (v0=10 m/s), height (v0=5 m/s)
0.0,0.0,0.0
0.22,1.980246913580247,0.8691358024691358
0.44,3.476543209876543,1.254320987654321
0.67,4.488888888888888,1.155555555555555
0.89,5.017283950617284,0.5728395061728397
1.11,5.061728395061727,0.0
1.33,4.62222222222222,0.0
1.56,3.6987654320987673,0.0
1.78,2.291358024691359,0.0
2.0,0.3999999999999986,0.0

